[ {
  "kardex" : "3ACD153820000128",
  "locNovo" : "N0509C",
  "locRetorno" : "B0411A"
}, {
  "kardex" : "3ACD184920000199",
  "locNovo" : "",
  "locRetorno" : ""
}, {
  "kardex" : "3ACD184920000223",
  "locNovo" : "P0121/P0123",
  "locRetorno" : "T0608"
}, {
  "kardex" : "3ACD184920000224",
  "locNovo" : "",
  "locRetorno" : "M0102D"
}, {
  "kardex" : "3ACD184920000225",
  "locNovo" : "L0806B",
  "locRetorno" : "M0813B"
}, {
  "kardex" : "3ACD184920000228",
  "locNovo" : "L0202D/P0401",
  "locRetorno" : "T0506"
}, {
  "kardex" : "3ACD184920000229",
  "locNovo" : "L1007D/L1009D",
  "locRetorno" : "T0412"
}, {
  "kardex" : "3ACD184920000244",
  "locNovo" : "L0510A",
  "locRetorno" : "M0609B"
}, {
  "kardex" : "3ACD184920000249",
  "locNovo" : "L0709C",
  "locRetorno" : ""
}, {
  "kardex" : "2ACD184520000188IM",
  "locNovo" : "N0501F",
  "locRetorno" : "B0209F/B0110D/M0306A"
}, {
  "kardex" : "2ACD184520000193IM",
  "locNovo" : "N0301D",
  "locRetorno" : "B0410C"
}, {
  "kardex" : "3ACD184920000122",
  "locNovo" : "",
  "locRetorno" : ""
}, {
  "kardex" : "2ACD184520000194IM",
  "locNovo" : "N0301F",
  "locRetorno" : "B0310B"
}, {
  "kardex" : "2ACD184520000195IM",
  "locNovo" : "",
  "locRetorno" : "B0101E"
}, {
  "kardex" : "2ACD184520000196IM",
  "locNovo" : "N0401F",
  "locRetorno" : "B0202F"
}, {
  "kardex" : "3ACD153820000096IM",
  "locNovo" : "N0114C/N0212F",
  "locRetorno" : "B0510D"
}, {
  "kardex" : "2ACD184520000264IM",
  "locNovo" : "N0110B",
  "locRetorno" : "M0110D"
}, {
  "kardex" : "2ACD184520000283IM",
  "locNovo" : "",
  "locRetorno" : "B0508A"
}, {
  "kardex" : "2ACD184520000291IM",
  "locNovo" : "N0213C",
  "locRetorno" : "B0309E"
}, {
  "kardex" : "2ACD184520000324IM",
  "locNovo" : "N0504F",
  "locRetorno" : "B0301B"
}, {
  "kardex" : "3ACD153820000117IM",
  "locNovo" : "N0405D",
  "locRetorno" : "B0501F"
}, {
  "kardex" : "3ACD153820000119IM",
  "locNovo" : "H0105D",
  "locRetorno" : "B0511C/B0306C/M0313A"
}, {
  "kardex" : "2ACD184520000098IM",
  "locNovo" : "N0407B",
  "locRetorno" : "B0307D"
}, {
  "kardex" : "2ACD184520000356IM",
  "locNovo" : "N0507D",
  "locRetorno" : "B0505F"
}, {
  "kardex" : "3ACD153820000120IM",
  "locNovo" : "N0507F",
  "locRetorno" : "B0212D"
}, {
  "kardex" : "2ACD184520000359IM",
  "locNovo" : "N0406F",
  "locRetorno" : "B0109E"
}, {
  "kardex" : "2ACD184520000372IM",
  "locNovo" : "N0309F",
  "locRetorno" : "B0505E"
}, {
  "kardex" : "2ACD184520000373IM",
  "locNovo" : "N0401A",
  "locRetorno" : "B0413D"
}, {
  "kardex" : "2ACD184520000382IM",
  "locNovo" : "N0502B",
  "locRetorno" : "B0402A"
}, {
  "kardex" : "3ACD153820000122IM",
  "locNovo" : "N0202D",
  "locRetorno" : "B0412D/E"
}, {
  "kardex" : "2ACD184520000410IM",
  "locNovo" : "N0306B",
  "locRetorno" : "B0208E"
}, {
  "kardex" : "3ACD153820000124IM",
  "locNovo" : "N0402C",
  "locRetorno" : "B0502D"
}, {
  "kardex" : "3ACD153820000126IM",
  "locNovo" : "N0503A",
  "locRetorno" : "B0103B"
}, {
  "kardex" : "2ACD184520000443IM",
  "locNovo" : "N0314A",
  "locRetorno" : "B0114A"
}, {
  "kardex" : "2ACD184520000446IM",
  "locNovo" : "N0507C",
  "locRetorno" : "B0314B"
}, {
  "kardex" : "2ACD184520000449IM",
  "locNovo" : "N0113F",
  "locRetorno" : "B0211D"
}, {
  "kardex" : "2ACD184520000454IM",
  "locNovo" : "N0314F",
  "locRetorno" : "B0507A"
}, {
  "kardex" : "3ACD153820000131IM",
  "locNovo" : "N0511A",
  "locRetorno" : "B0210E/B0513C"
}, {
  "kardex" : "3ACD184820004922IM",
  "locNovo" : "N0113E",
  "locRetorno" : "B0109C"
}, {
  "kardex" : "2ACD184520000491IM",
  "locNovo" : "N0408A",
  "locRetorno" : "B0504F"
}, {
  "kardex" : "3ACD153820000133IM",
  "locNovo" : "N0513A",
  "locRetorno" : "B0212F"
}, {
  "kardex" : "2ACD184520000501IM",
  "locNovo" : "N0501B",
  "locRetorno" : "B0501D"
}, {
  "kardex" : "2ACD184520000502IM",
  "locNovo" : "N0203C",
  "locRetorno" : "B0314F"
}, {
  "kardex" : "2ACD184520000503IM",
  "locNovo" : "N0111A",
  "locRetorno" : "B0210A"
}, {
  "kardex" : "2ACD184520000508IM",
  "locNovo" : "N0110C",
  "locRetorno" : "B0409D"
}, {
  "kardex" : "2ACD184520000512IM",
  "locNovo" : "N0410A",
  "locRetorno" : "B0505D"
}, {
  "kardex" : "2ACD184520000514IM",
  "locNovo" : "N0408C",
  "locRetorno" : "B0304B"
}, {
  "kardex" : "2ACD184520000516IM",
  "locNovo" : "N0313D",
  "locRetorno" : "B0111F"
}, {
  "kardex" : "2ACD184520000523IM",
  "locNovo" : "N0409F",
  "locRetorno" : "B0210C"
}, {
  "kardex" : "2ACD184520000526IM",
  "locNovo" : "N0507E",
  "locRetorno" : "B0113F"
}, {
  "kardex" : "3ACD153820000138IM",
  "locNovo" : "N0109C",
  "locRetorno" : "B0503C"
}, {
  "kardex" : "2ACD184520000535IM",
  "locNovo" : "N0110F",
  "locRetorno" : ""
}, {
  "kardex" : "2ACD184520000537IM",
  "locNovo" : "N0403C",
  "locRetorno" : "B0404A"
}, {
  "kardex" : "2ACD184520000554IM",
  "locNovo" : "N0108A",
  "locRetorno" : "B0312A"
}, {
  "kardex" : "3ACD153820000139IM",
  "locNovo" : "N0312C",
  "locRetorno" : "B0405C"
}, {
  "kardex" : "2ACD184520000114IM",
  "locNovo" : "",
  "locRetorno" : "B0108E"
}, {
  "kardex" : "2ACD184520000157IM",
  "locNovo" : "",
  "locRetorno" : "B0306F"
}, {
  "kardex" : "3ACD153820000130IM",
  "locNovo" : "N0102E",
  "locRetorno" : ""
}, {
  "kardex" : "2ACD184520000564IM",
  "locNovo" : "N0305D",
  "locRetorno" : "B0112B"
}, {
  "kardex" : "3ACD153820000141IM",
  "locNovo" : "N0205A",
  "locRetorno" : "B0105B"
}, {
  "kardex" : "2ACD184520000575IM",
  "locNovo" : "N0407D",
  "locRetorno" : "B0302E"
}, {
  "kardex" : "2ACD184520000284IM",
  "locNovo" : "N0213F",
  "locRetorno" : "B0303F"
}, {
  "kardex" : "2ACD184520000504IM",
  "locNovo" : "N0111D",
  "locRetorno" : "B0402D"
}, {
  "kardex" : "2ACD184520000394IM",
  "locNovo" : "N0109B",
  "locRetorno" : "B0508E"
}, {
  "kardex" : "2ACD184520000532IM",
  "locNovo" : "N0505B/H0201A",
  "locRetorno" : "B0512A"
}, {
  "kardex" : "2ACD184520000563IM",
  "locNovo" : "N0412E",
  "locRetorno" : "B309A"
}, {
  "kardex" : "2ACD184520000585IM",
  "locNovo" : "H0107B",
  "locRetorno" : "B0411C"
}, {
  "kardex" : "2ACD184520000613IM",
  "locNovo" : "N0309E",
  "locRetorno" : "B0403C"
}, {
  "kardex" : "2ACD184520000412IM",
  "locNovo" : "N0107F",
  "locRetorno" : "B0202A"
}, {
  "kardex" : "2ACD184520000608IM",
  "locNovo" : "N0405A",
  "locRetorno" : "B0203C"
}, {
  "kardex" : "2ACD184520000582IM",
  "locNovo" : "N0308F",
  "locRetorno" : "B0512D"
}, {
  "kardex" : "2ACD184520000573IM",
  "locNovo" : "N0504A",
  "locRetorno" : "B0113C"
}, {
  "kardex" : "2ACD184520000570IM",
  "locNovo" : "N0510A",
  "locRetorno" : "B0512F"
}, {
  "kardex" : "2ACD184520000580IM",
  "locNovo" : "N0513B",
  "locRetorno" : "B0111E"
}, {
  "kardex" : "2ACD184520000578IM",
  "locNovo" : "N0514F",
  "locRetorno" : "B0513F"
}, {
  "kardex" : "2ACD184520000566IM",
  "locNovo" : "N0512D",
  "locRetorno" : "B0208C"
}, {
  "kardex" : "2ACD184520000604IM",
  "locNovo" : "N0304E",
  "locRetorno" : "B0407A"
}, {
  "kardex" : "2ACD184520000496IM",
  "locNovo" : "N0401D",
  "locRetorno" : "B0503B"
}, {
  "kardex" : "2ACD184520000618IM",
  "locNovo" : "N0403A",
  "locRetorno" : "B0106C"
}, {
  "kardex" : "2ACD184520000619IM",
  "locNovo" : "N0403D",
  "locRetorno" : "B0305E"
}, {
  "kardex" : "2ACD184520000620IM",
  "locNovo" : "N0509F",
  "locRetorno" : "B0314E"
}, {
  "kardex" : "2ACD184520000621IM",
  "locNovo" : "N0503C",
  "locRetorno" : "B0501E"
}, {
  "kardex" : "2ACD184520000622IM",
  "locNovo" : "N0403F",
  "locRetorno" : "B0308A"
}, {
  "kardex" : "2ACD184520000623IM",
  "locNovo" : "N0401B",
  "locRetorno" : "B0514D"
}, {
  "kardex" : "2ACD184520000624IM",
  "locNovo" : "N0310F",
  "locRetorno" : "B0514F"
}, {
  "kardex" : "2ACD184520000625IM",
  "locNovo" : "N0407A",
  "locRetorno" : "B0108B"
}, {
  "kardex" : "2ACD184520000616IM",
  "locNovo" : "N0408B",
  "locRetorno" : "B0113B"
}, {
  "kardex" : "2ACD184520000513IM",
  "locNovo" : "",
  "locRetorno" : "B0411E"
}, {
  "kardex" : "3ACD153820000140IM",
  "locNovo" : "N0412F",
  "locRetorno" : "B0312B"
}, {
  "kardex" : "3ACD153820000135IM",
  "locNovo" : "N0506D",
  "locRetorno" : "B0212E"
}, {
  "kardex" : "2ACD184520000459IM",
  "locNovo" : "N0214C",
  "locRetorno" : "B0407F"
}, {
  "kardex" : "2ACD184520000494IM",
  "locNovo" : "N0201F",
  "locRetorno" : "B0402E"
}, {
  "kardex" : "2ACD184520000460IM",
  "locNovo" : "N0505D",
  "locRetorno" : "B0513D"
}, {
  "kardex" : "3ACD184820004971IM",
  "locNovo" : "N0311E",
  "locRetorno" : "B0106B"
}, {
  "kardex" : "2ACD184520000615IM",
  "locNovo" : "N0410E",
  "locRetorno" : "B0311F"
}, {
  "kardex" : "2ACD184520000601IM",
  "locNovo" : "N0313E",
  "locRetorno" : "B0413B"
}, {
  "kardex" : "2ACD184520000574IM",
  "locNovo" : "N0504C",
  "locRetorno" : "B0113D"
}, {
  "kardex" : "2ACD184520000610IM",
  "locNovo" : "N0505E",
  "locRetorno" : "B0205C"
}, {
  "kardex" : "2ACD184520000579IM",
  "locNovo" : "N0113C",
  "locRetorno" : "B0314C"
}, {
  "kardex" : "2ACD184520000606IM",
  "locNovo" : "N0304D",
  "locRetorno" : "B406"
}, {
  "kardex" : "3ACD153820000142IM",
  "locNovo" : "N0409E",
  "locRetorno" : "M0109D"
}, {
  "kardex" : "3ACD184820004923IM",
  "locNovo" : "N0506F",
  "locRetorno" : "B0205D"
}, {
  "kardex" : "3ACD153820000136IM",
  "locNovo" : "N0312A",
  "locRetorno" : "B0105A"
}, {
  "kardex" : "3ACD153820000134IM",
  "locNovo" : "",
  "locRetorno" : "B0208B"
}, {
  "kardex" : "2ACD184520000497IM",
  "locNovo" : "",
  "locRetorno" : "B0208A"
}, {
  "kardex" : "2ACD184520000342IM",
  "locNovo" : "N0403B",
  "locRetorno" : "B0305F"
}, {
  "kardex" : "2ACD184520000626IM",
  "locNovo" : "N0402D",
  "locRetorno" : "B0112D"
}, {
  "kardex" : "2ACD184520000439IM",
  "locNovo" : "N0404F",
  "locRetorno" : "B0404F"
}, {
  "kardex" : "2ACD184520000395IM",
  "locNovo" : "N0208D",
  "locRetorno" : "B0205B"
}, {
  "kardex" : "2ACD184520000407IM",
  "locNovo" : "N0407F",
  "locRetorno" : "B0309D"
}, {
  "kardex" : "2ACD184520000515IM",
  "locNovo" : "N0213A",
  "locRetorno" : "B0502C"
}, {
  "kardex" : "2ACD184520000289IM",
  "locNovo" : "N0204D",
  "locRetorno" : "B0105E"
}, {
  "kardex" : "2ACD184520000536IM",
  "locNovo" : "N0110E",
  "locRetorno" : "B0502B"
}, {
  "kardex" : "2ACD184520000386IM",
  "locNovo" : "N0109F",
  "locRetorno" : "B0201C"
}, {
  "kardex" : "2ACD184520000416IM",
  "locNovo" : "N0410D",
  "locRetorno" : "B0507B"
}, {
  "kardex" : "2ACD184520000581IM",
  "locNovo" : "N0310D",
  "locRetorno" : "B0411D"
}, {
  "kardex" : "2ACD184520000529IM",
  "locNovo" : "N0308A",
  "locRetorno" : "B0509F"
}, {
  "kardex" : "2ACD184520000390IM",
  "locNovo" : "N0506B",
  "locRetorno" : "B0407E"
}, {
  "kardex" : "2ACD184520000348IM",
  "locNovo" : "N0204B",
  "locRetorno" : "B0202C"
}, {
  "kardex" : "2ACD184520000511IM",
  "locNovo" : "N0509A",
  "locRetorno" : "B0508F"
}, {
  "kardex" : "2ACD184520000463IM",
  "locNovo" : "N0310B",
  "locRetorno" : "M0109C"
}, {
  "kardex" : "2ACD184520000381IM",
  "locNovo" : "N0112D",
  "locRetorno" : "B0505A"
}, {
  "kardex" : "2ACD184520000263IM",
  "locNovo" : "N0201A",
  "locRetorno" : "B0401C"
}, {
  "kardex" : "2ACD184520000238IM",
  "locNovo" : "N0202B",
  "locRetorno" : "B0206B"
}, {
  "kardex" : "2ACD184520000364IM",
  "locNovo" : "N0210F",
  "locRetorno" : "B0405F"
}, {
  "kardex" : "2ACD184520000644IM",
  "locNovo" : "N0312B",
  "locRetorno" : "B0114E"
}, {
  "kardex" : "2ACD184520000645IM",
  "locNovo" : "N0107A",
  "locRetorno" : "B0512E"
}, {
  "kardex" : "2ACD184520000452IM",
  "locNovo" : "N0505F",
  "locRetorno" : "B0410B"
}, {
  "kardex" : "2ACD184520000456IM",
  "locNovo" : "N0513F",
  "locRetorno" : "B0204C"
}, {
  "kardex" : "2ACD184520004861IM",
  "locNovo" : "N0413A",
  "locRetorno" : "B0501A"
}, {
  "kardex" : "2ACD184520000469IM",
  "locNovo" : "N0501A",
  "locRetorno" : "B0113E"
}, {
  "kardex" : "2ACD184520000505IM",
  "locNovo" : "N0111B",
  "locRetorno" : "B0114B"
}, {
  "kardex" : "2ACD184520000527IM",
  "locNovo" : "N0211A",
  "locRetorno" : "B0108A"
}, {
  "kardex" : "2ACD184520000531IM",
  "locNovo" : "N0506A",
  "locRetorno" : "B0109D"
}, {
  "kardex" : "2ACD184520000533IM",
  "locNovo" : "N0102F",
  "locRetorno" : "B0307E"
}, {
  "kardex" : "2ACD184520000561IM",
  "locNovo" : "N0107B",
  "locRetorno" : "B0312A"
}, {
  "kardex" : "2ACD184520000120IM",
  "locNovo" : "",
  "locRetorno" : "B0210D"
}, {
  "kardex" : "2ACD184520000117IM",
  "locNovo" : "",
  "locRetorno" : "B0309C"
}, {
  "kardex" : "2ACD184520000162IM",
  "locNovo" : "",
  "locRetorno" : "obsoleto"
}, {
  "kardex" : "2ACD184520000340IM",
  "locNovo" : "obsoleto",
  "locRetorno" : "B0403F"
}, {
  "kardex" : "2ACD184520000380IM",
  "locNovo" : "N0210D",
  "locRetorno" : "B0509E"
}, {
  "kardex" : "2ACD184520000191IM",
  "locNovo" : "N0102A",
  "locRetorno" : "B0304F/B0409E/B313C"
}, {
  "kardex" : "2ACD184520000197IM",
  "locNovo" : "N0101A",
  "locRetorno" : "B0310D"
}, {
  "kardex" : "2ACD184520000202IM",
  "locNovo" : "N0502D",
  "locRetorno" : "B0101A"
}, {
  "kardex" : "2ACD184520000236IM",
  "locNovo" : "N0302D",
  "locRetorno" : "B0308F"
}, {
  "kardex" : "2ACD184520000267IM",
  "locNovo" : "",
  "locRetorno" : "B0202D"
}, {
  "kardex" : "2ACD184520000268IM",
  "locNovo" : "N0108C",
  "locRetorno" : "B0505B"
}, {
  "kardex" : "2ACD184520000281IM",
  "locNovo" : "N0504B",
  "locRetorno" : "B0108D"
}, {
  "kardex" : "2ACD184520000316IM",
  "locNovo" : "N0405F",
  "locRetorno" : "B0405E"
}, {
  "kardex" : "2ACD184520000344IM",
  "locNovo" : "N0306D",
  "locRetorno" : "B0204B"
}, {
  "kardex" : "2ACD184520000361IM",
  "locNovo" : "N0211D",
  "locRetorno" : "B0112E"
}, {
  "kardex" : "2ACD184520000417IM",
  "locNovo" : "N0404B",
  "locRetorno" : "B0502E"
}, {
  "kardex" : "2ACD184520000521IM",
  "locNovo" : "N0507B",
  "locRetorno" : "B0410A"
}, {
  "kardex" : "2ACD184520000522IM",
  "locNovo" : "N0508E",
  "locRetorno" : "B0307F"
}, {
  "kardex" : "3ACD153820000090IM",
  "locNovo" : "N0209C",
  "locRetorno" : "B0206A"
}, {
  "kardex" : "3ACD153820000125IM",
  "locNovo" : "N0111E",
  "locRetorno" : ""
}, {
  "kardex" : "2ACD184520000455IM",
  "locNovo" : "N0314D",
  "locRetorno" : "B0109A"
}, {
  "kardex" : "2ACD184520000571IM",
  "locNovo" : "N0411D",
  "locRetorno" : "B0106E"
}, {
  "kardex" : "2ACD184520000413IM",
  "locNovo" : "N0312F",
  "locRetorno" : "B0301F"
}, {
  "kardex" : "2ACD184520000576IM",
  "locNovo" : "N0513E",
  "locRetorno" : "B0505C"
}, {
  "kardex" : "3ACD153820000081IM",
  "locNovo" : "",
  "locRetorno" : "B0504B/B0408D"
}, {
  "kardex" : "2ACD184520000292IM",
  "locNovo" : "N0104C",
  "locRetorno" : "B0109B"
}, {
  "kardex" : "2ACD184520000391IM",
  "locNovo" : "N0212B",
  "locRetorno" : "B0511A"
}, {
  "kardex" : "2ACD184520000583IM",
  "locNovo" : "N0311D",
  "locRetorno" : "B0314A"
}, {
  "kardex" : "2ACD184520000450IM",
  "locNovo" : "N0513D",
  "locRetorno" : "B0503A"
}, {
  "kardex" : "2ACD184520000266IM",
  "locNovo" : "N0503D",
  "locRetorno" : "B0303C"
}, {
  "kardex" : "2ACD184520000435IM",
  "locNovo" : "N0309A",
  "locRetorno" : "B0407B"
}, {
  "kardex" : "2ACD184520000584IM",
  "locNovo" : "N0508D",
  "locRetorno" : "B0514C"
}, {
  "kardex" : "2ACD184520000434IM",
  "locNovo" : "N0506C",
  "locRetorno" : "M0613C"
}, {
  "kardex" : "2ACD184520000409IM",
  "locNovo" : "N0206D",
  "locRetorno" : "B0407C"
}, {
  "kardex" : "2ACD184520000458IM",
  "locNovo" : "N0513C",
  "locRetorno" : "B0302D"
}, {
  "kardex" : "2ACD184520000572IM",
  "locNovo" : "N0509D",
  "locRetorno" : "B0402F"
}, {
  "kardex" : "2ACD184520000577IM",
  "locNovo" : "N0514E",
  "locRetorno" : "B0207C"
}, {
  "kardex" : "2ACD184520000602IM",
  "locNovo" : "N0406A",
  "locRetorno" : "B0409F"
}, {
  "kardex" : "2ACD184520000453IM",
  "locNovo" : "N0113D",
  "locRetorno" : "B0206F"
}, {
  "kardex" : "2ACD184520000609IM",
  "locNovo" : "N0406E",
  "locRetorno" : "B0405D"
}, {
  "kardex" : "2ACD184520000605IM",
  "locNovo" : "N0202A",
  "locRetorno" : "B0408A"
}, {
  "kardex" : "2ACD184520000568IM",
  "locNovo" : "N0311F",
  "locRetorno" : "B0507C"
}, {
  "kardex" : "2ACD184520000420IM",
  "locNovo" : "N0514A",
  "locRetorno" : "B0106D"
}, {
  "kardex" : "2ACD184520000280IM",
  "locNovo" : "",
  "locRetorno" : "B0304E"
}, {
  "kardex" : "2ACD184520000237IM",
  "locNovo" : "N0302E",
  "locRetorno" : "B0208D/B0211A"
}, {
  "kardex" : "2ACD184520000424IM",
  "locNovo" : "N0408F",
  "locRetorno" : ""
}, {
  "kardex" : "2ACD184520000436IM",
  "locNovo" : "N0214A",
  "locRetorno" : "B0412F"
}, {
  "kardex" : "2ACD184520000437IM",
  "locNovo" : "N0106C",
  "locRetorno" : "B0408C"
}, {
  "kardex" : "2ACD184520000438IM",
  "locNovo" : "N0512F",
  "locRetorno" : "B0303E"
}, {
  "kardex" : "2ACD184520000447IM",
  "locNovo" : "N0414C",
  "locRetorno" : "B0512C"
}, {
  "kardex" : "2ACD184520000448IM",
  "locNovo" : "N0306F",
  "locRetorno" : "B0109F"
}, {
  "kardex" : "2ACD184520000451IM",
  "locNovo" : "N0113A",
  "locRetorno" : "B0408E"
}, {
  "kardex" : "2ACD184520000239IM",
  "locNovo" : "N0508C",
  "locRetorno" : "B0104F"
}, {
  "kardex" : "2ACD184520000199IM",
  "locNovo" : "N0101F",
  "locRetorno" : "B0507E"
}, {
  "kardex" : "3ACD153820000097IM",
  "locNovo" : "N0302F",
  "locRetorno" : "B0309B"
}, {
  "kardex" : "2ACD184520000567IM",
  "locNovo" : "N0207A",
  "locRetorno" : "B0504C"
}, {
  "kardex" : "2ACD184520000507IM",
  "locNovo" : "N0511C",
  "locRetorno" : "B0314D"
}, {
  "kardex" : "2ACD184520000607IM",
  "locNovo" : "N0209F",
  "locRetorno" : "B0511F"
}, {
  "kardex" : "2ACD184520000332IM",
  "locNovo" : "N0205F",
  "locRetorno" : "B0213A"
}, {
  "kardex" : "2ACD184520000445IM",
  "locNovo" : "N0413E",
  "locRetorno" : "B0402B"
}, {
  "kardex" : "2ACD184520000187IM",
  "locNovo" : "N0412C/H0108B",
  "locRetorno" : "B0414D"
}, {
  "kardex" : "2ACD184520000189IM",
  "locNovo" : "",
  "locRetorno" : "B0307C"
}, {
  "kardex" : "2ACD184520000205IM",
  "locNovo" : "N0105E/N0111F",
  "locRetorno" : "B0205A"
}, {
  "kardex" : "3ACD153820000094IM",
  "locNovo" : "",
  "locRetorno" : "B0501C"
}, {
  "kardex" : "2ACD184520000192IM",
  "locNovo" : "",
  "locRetorno" : "B0511D"
}, {
  "kardex" : "3ACD153820000095IM",
  "locNovo" : "H0106C",
  "locRetorno" : "B0308D/B0213B/M0306B"
}, {
  "kardex" : "2ACD184520000198IM",
  "locNovo" : "",
  "locRetorno" : "B0107F/B0214C"
}, {
  "kardex" : "2ACD184520000200IM",
  "locNovo" : "N0105F",
  "locRetorno" : "B0412A"
}, {
  "kardex" : "2ACD184520000201IM",
  "locNovo" : "",
  "locRetorno" : "B0104B"
}, {
  "kardex" : "2ACD184520000203IM",
  "locNovo" : "N0402B",
  "locRetorno" : "B0105C"
}, {
  "kardex" : "2ACD184520000204IM",
  "locNovo" : "",
  "locRetorno" : "B0306D/B0211F"
}, {
  "kardex" : "3ACD153820000098IM",
  "locNovo" : "H0104A",
  "locRetorno" : "B411B"
}, {
  "kardex" : "2ACD184520000261IM",
  "locNovo" : "N0102B",
  "locRetorno" : "B0514B"
}, {
  "kardex" : "2ACD184520000270IM",
  "locNovo" : "N0209A",
  "locRetorno" : "B0202E"
}, {
  "kardex" : "2ACD184520000271IM",
  "locNovo" : "N0303B",
  "locRetorno" : "B0309F"
}, {
  "kardex" : "2ACD184520000272IM",
  "locNovo" : "N0112F",
  "locRetorno" : "B0105F"
}, {
  "kardex" : "2ACD184520000273IM",
  "locNovo" : "N0303F",
  "locRetorno" : "B0311E"
}, {
  "kardex" : "2ACD184520000274IM",
  "locNovo" : "N0203A",
  "locRetorno" : "B0401F"
}, {
  "kardex" : "2ACD184520000275IM",
  "locNovo" : "N0411B",
  "locRetorno" : "B0405B"
}, {
  "kardex" : "2ACD184520000276IM",
  "locNovo" : "N0203D",
  "locRetorno" : "B0102A"
}, {
  "kardex" : "2ACD184520000277IM",
  "locNovo" : "N0103B",
  "locRetorno" : "B0303D/B313B"
}, {
  "kardex" : "2ACD184520000279IM",
  "locNovo" : "",
  "locRetorno" : "B0203F"
}, {
  "kardex" : "3ACD153820000109IM",
  "locNovo" : "N0502E",
  "locRetorno" : ""
}, {
  "kardex" : "2ACD184520000323IM",
  "locNovo" : "",
  "locRetorno" : "B0205F"
}, {
  "kardex" : "2ACD184520000317IM",
  "locNovo" : "N0207F",
  "locRetorno" : "B0207B"
}, {
  "kardex" : "2ACD184520000325IM",
  "locNovo" : "N0205B",
  "locRetorno" : "B0403D"
}, {
  "kardex" : "2ACD184520000099IM",
  "locNovo" : "N0406B",
  "locRetorno" : "B0305C"
}, {
  "kardex" : "2ACD184520000100IM",
  "locNovo" : "N0406D",
  "locRetorno" : "B0307B"
}, {
  "kardex" : "3ACD153820000118IM",
  "locNovo" : "H0111A",
  "locRetorno" : "B0213D"
}, {
  "kardex" : "2ACD184520000347IM",
  "locNovo" : "N0206B",
  "locRetorno" : "B0305A"
}, {
  "kardex" : "2ACD184520000349IM",
  "locNovo" : "N0206F",
  "locRetorno" : "B0206C"
}, {
  "kardex" : "2ACD184520000351IM",
  "locNovo" : "N0404A",
  "locRetorno" : "B0307B"
}, {
  "kardex" : "2ACD184520000352IM",
  "locNovo" : "N0204F",
  "locRetorno" : "B0410E"
}, {
  "kardex" : "2ACD184520000365IM",
  "locNovo" : "N0413B",
  "locRetorno" : "B0204A"
}, {
  "kardex" : "2ACD184520000369IM",
  "locNovo" : "N0307B",
  "locRetorno" : "B0404B"
}, {
  "kardex" : "2ACD184520000370IM",
  "locNovo" : "N0307D",
  "locRetorno" : "B0310C"
}, {
  "kardex" : "2ACD184520000371IM",
  "locNovo" : "N0307F",
  "locRetorno" : "B0508D"
}, {
  "kardex" : "2ACD184520000374IM",
  "locNovo" : "N0410F",
  "locRetorno" : "B0103E"
}, {
  "kardex" : "2ACD184520000375IM",
  "locNovo" : "N0305B",
  "locRetorno" : "B0403E"
}, {
  "kardex" : "2ACD184520000376IM",
  "locNovo" : "N0102D",
  "locRetorno" : "B0201D"
}, {
  "kardex" : "2ACD184520000377IM",
  "locNovo" : "N0208F",
  "locRetorno" : "B0306A"
}, {
  "kardex" : "2ACD184520000378IM",
  "locNovo" : "N0508B",
  "locRetorno" : "B0408B"
}, {
  "kardex" : "2ACD184520000379IM",
  "locNovo" : "N0411E",
  "locRetorno" : "B0410D"
}, {
  "kardex" : "2ACD184520000387IM",
  "locNovo" : "N0207D",
  "locRetorno" : "B0104A"
}, {
  "kardex" : "2ACD184520000388IM",
  "locNovo" : "N0210B",
  "locRetorno" : "B0211C"
}, {
  "kardex" : "2ACD184520000389IM",
  "locNovo" : "N0208A",
  "locRetorno" : "B0506D"
}, {
  "kardex" : "2ACD184520000392IM",
  "locNovo" : "N0510E",
  "locRetorno" : ""
}, {
  "kardex" : "2ACD184520000396IM",
  "locNovo" : "N0514B",
  "locRetorno" : "B0203E"
}, {
  "kardex" : "2ACD184520000398IM",
  "locNovo" : "N0108F",
  "locRetorno" : "B0310F"
}, {
  "kardex" : "2ACD184520000399IM",
  "locNovo" : "N0514C",
  "locRetorno" : ""
}, {
  "kardex" : "2ACD184520000400IM",
  "locNovo" : "N0304F",
  "locRetorno" : "B0409B"
}, {
  "kardex" : "2ACD184520000401IM",
  "locNovo" : "N0408D",
  "locRetorno" : "B0409C"
}, {
  "kardex" : "2ACD184520000402IM",
  "locNovo" : "N0106A",
  "locRetorno" : "B0411F"
}, {
  "kardex" : "2ACD184520000403IM",
  "locNovo" : "N0201D",
  "locRetorno" : "B0110C"
}, {
  "kardex" : "2ACD184520000408IM",
  "locNovo" : "N0106D",
  "locRetorno" : "B0305B"
}, {
  "kardex" : "2ACD184520000415IM",
  "locNovo" : "N0112B",
  "locRetorno" : "B0406C"
}, {
  "kardex" : "2ACD184520000419IM",
  "locNovo" : "N0511B",
  "locRetorno" : "B0101F"
}, {
  "kardex" : "2ACD184520000421IM",
  "locNovo" : "N0414B",
  "locRetorno" : "B0201F"
}, {
  "kardex" : "2ACD184520000422IM",
  "locNovo" : "N0414D",
  "locRetorno" : "B0507F"
}, {
  "kardex" : "3ACD153820000127IM",
  "locNovo" : "N0402F",
  "locRetorno" : "B0110F"
}, {
  "kardex" : "2ACD184520000423IM",
  "locNovo" : "N0314B",
  "locRetorno" : "B0209A"
}, {
  "kardex" : "2ACD184520000646IM",
  "locNovo" : "N0305F",
  "locRetorno" : ""
}, {
  "kardex" : "2ACD184520000647IM",
  "locNovo" : "N0101D",
  "locRetorno" : ""
}, {
  "kardex" : "2ACD184520000506IM",
  "locNovo" : "N0409C",
  "locRetorno" : ""
}, {
  "kardex" : "2ACD184520000589IM",
  "locNovo" : "N0308D",
  "locRetorno" : "B0302C"
}, {
  "kardex" : "2ACD184520000590IM",
  "locNovo" : "N0302C",
  "locRetorno" : "B0212C"
}, {
  "kardex" : "2ACD184520000591IM",
  "locNovo" : "N0302A",
  "locRetorno" : "B0506E"
}, {
  "kardex" : "2ACD184520000592IM",
  "locNovo" : "N0108B",
  "locRetorno" : "B0408F"
}, {
  "kardex" : "2ACD184520000593IM",
  "locNovo" : "N0302B",
  "locRetorno" : "B0102B"
}, {
  "kardex" : "2ACD184520000594IM",
  "locNovo" : "N0308C",
  "locRetorno" : "B0207E"
}, {
  "kardex" : "2ACD184520000595IM",
  "locNovo" : "N0106B",
  "locRetorno" : "B0212B"
}, {
  "kardex" : "2ACD184520000597IM",
  "locNovo" : "N0313F",
  "locRetorno" : "B0509C"
}, {
  "kardex" : "2ACD184520000598IM",
  "locNovo" : "N0313C",
  "locRetorno" : "B0111B"
}, {
  "kardex" : "2ACD184520000603IM",
  "locNovo" : "N0502F",
  "locRetorno" : "B0405A"
}, {
  "kardex" : "2ACD184520000611IM",
  "locNovo" : "N0212A",
  "locRetorno" : "B0312C"
}, {
  "kardex" : "2ACD184520000612IM",
  "locNovo" : "N0303C",
  "locRetorno" : "B0513A"
}, {
  "kardex" : "2ACD184520000627IM",
  "locNovo" : "N0404C",
  "locRetorno" : "B0312E"
}, {
  "kardex" : "2ACD184520000628IM",
  "locNovo" : "N0511F",
  "locRetorno" : "B0103A"
}, {
  "kardex" : "2ACD184520000630IM",
  "locNovo" : "N0407C",
  "locRetorno" : "B0207-D"
}, {
  "kardex" : "2ACD184520000631IM",
  "locNovo" : "N0306A",
  "locRetorno" : "B0212A"
}, {
  "kardex" : "2ACD184520000632IM",
  "locNovo" : "N0208B",
  "locRetorno" : "B0404F"
}, {
  "kardex" : "3ACD153820000145IM",
  "locNovo" : "H0106A",
  "locRetorno" : "B0407D"
}, {
  "kardex" : "3ACD153820000146IM",
  "locNovo" : "N0504E",
  "locRetorno" : "B0404E"
}, {
  "kardex" : "2ACD184520000614IM",
  "locNovo" : "N0406C",
  "locRetorno" : "B0112C"
}, {
  "kardex" : "2ACD184520000384IM",
  "locNovo" : "N0413D",
  "locRetorno" : "B0210F"
}, {
  "kardex" : "2ACD184520000385IM",
  "locNovo" : "N0104D",
  "locRetorno" : "B0302F"
}, {
  "kardex" : "2ACD184520000094IM",
  "locNovo" : "N0510F",
  "locRetorno" : "B0508B"
}, {
  "kardex" : "2ACD184520000115IM",
  "locNovo" : "",
  "locRetorno" : "B0305D"
}, {
  "kardex" : "2ACD184520000242IM",
  "locNovo" : "",
  "locRetorno" : "B0201A"
}, {
  "kardex" : "2ACD184520000247IM",
  "locNovo" : "N0309C",
  "locRetorno" : "B0406B"
}, {
  "kardex" : "2ACD184520000320IM",
  "locNovo" : "N0205D",
  "locRetorno" : "B0510A"
}, {
  "kardex" : "2ACD184520000345IM",
  "locNovo" : "N0311A",
  "locRetorno" : "B0114-D"
}, {
  "kardex" : "2ACD184520000357IM",
  "locNovo" : "N0105A",
  "locRetorno" : "B0106F"
}, {
  "kardex" : "2ACD184520000358IM",
  "locNovo" : "",
  "locRetorno" : ""
}, {
  "kardex" : "2ACD184520000360IM",
  "locNovo" : "N0103A",
  "locRetorno" : "B0206E"
}, {
  "kardex" : "2ACD184520000393IM",
  "locNovo" : "N0107E",
  "locRetorno" : ""
}, {
  "kardex" : "2ACD184520000565IM",
  "locNovo" : "N0209D",
  "locRetorno" : "B0513B"
}, {
  "kardex" : "2ACD184520000405IM",
  "locNovo" : "N0105C",
  "locRetorno" : "B0110B/B0209B"
}, {
  "kardex" : "2ACD184520000433IM",
  "locNovo" : "N0303D",
  "locRetorno" : "B0503D"
}, {
  "kardex" : "2ACD184520000465IM",
  "locNovo" : "N0114E",
  "locRetorno" : ""
}, {
  "kardex" : "2ACD184520000510IM",
  "locNovo" : "N0413C",
  "locRetorno" : "B0510C"
}, {
  "kardex" : "2ACD184520000528IM",
  "locNovo" : "N0207B",
  "locRetorno" : "B0308B"
}, {
  "kardex" : "2ACD184520000534IM",
  "locNovo" : "N0209E",
  "locRetorno" : "B0114C"
}, {
  "kardex" : "2ACD184520000548IM",
  "locNovo" : "N0501D",
  "locRetorno" : "B0512B"
}, {
  "kardex" : "2ACD184520000549IM",
  "locNovo" : "N0313A",
  "locRetorno" : "B0312F"
}, {
  "kardex" : "2ACD184520000560IM",
  "locNovo" : "N0305A",
  "locRetorno" : "B0410F"
}, {
  "kardex" : "2ACD184520000586IM",
  "locNovo" : "N0311C",
  "locRetorno" : "B0510B"
}, {
  "kardex" : "2ACD184520000547IM",
  "locNovo" : "N0103D",
  "locRetorno" : "B0506A"
}, {
  "kardex" : "2ACD184520000123IM",
  "locNovo" : "",
  "locRetorno" : "B0103D"
}, {
  "kardex" : "2ACD184520000133IM",
  "locNovo" : "",
  "locRetorno" : "B0202B"
}, {
  "kardex" : "2ACD184520000097IM",
  "locNovo" : "N0101C",
  "locRetorno" : "B0209D/B0311B/M0202A"
}, {
  "kardex" : "2ACD184520000096IM",
  "locNovo" : "N0104B",
  "locRetorno" : "B0414A"
}, {
  "kardex" : "2ACD184520000641IM",
  "locNovo" : "N0214B",
  "locRetorno" : "B0112-A"
}, {
  "kardex" : "2ACD184520000642IM",
  "locNovo" : "",
  "locRetorno" : ""
}, {
  "kardex" : "2ACD184520000596IM",
  "locNovo" : "N0312E",
  "locRetorno" : "B0213C"
}, {
  "kardex" : "3ACD153820000087IM",
  "locNovo" : "",
  "locRetorno" : "B0104E"
}, {
  "kardex" : "3ACD153820000107IM",
  "locNovo" : "N0413F",
  "locRetorno" : "B0406A"
}, {
  "kardex" : "2ACD184520000366IM",
  "locNovo" : "",
  "locRetorno" : "B0208F"
}, {
  "kardex" : "2ACD184520000363IM",
  "locNovo" : "N0411C",
  "locRetorno" : "B0114F"
}, {
  "kardex" : "2ACD184520000315IM",
  "locNovo" : "N0305C",
  "locRetorno" : "B0304C"
}, {
  "kardex" : "2ACD184520000282IM",
  "locNovo" : "N0504D",
  "locRetorno" : "B0508C"
}, {
  "kardex" : "3ACD153820000143IM",
  "locNovo" : "N0301A",
  "locRetorno" : "B0111-A"
}, {
  "kardex" : "3ACD153820000144IM",
  "locNovo" : "",
  "locRetorno" : "B0313F"
}, {
  "kardex" : "3ACD153820000148IM",
  "locNovo" : "N0109D",
  "locRetorno" : "B0111-C"
}, {
  "kardex" : "3ACD153820000149IM",
  "locNovo" : "N0306E",
  "locRetorno" : "B0111-D"
}, {
  "kardex" : "2ACD184520000668IM",
  "locNovo" : "N0510B",
  "locRetorno" : "B0108C"
}, {
  "kardex" : "2ACD184520000669IM",
  "locNovo" : "N0213D",
  "locRetorno" : "B509C"
}, {
  "kardex" : "2ACD184520000670IM",
  "locNovo" : "N0301B",
  "locRetorno" : ""
}, {
  "kardex" : "2ACD184520004867IM",
  "locNovo" : "N0114F",
  "locRetorno" : "B0207F"
}, {
  "kardex" : "2ACD184520004869IM",
  "locNovo" : "N0409B",
  "locRetorno" : "B0513E"
}, {
  "kardex" : "2ACD184520000671IM",
  "locNovo" : "N0312D",
  "locRetorno" : "M0613B"
}, {
  "kardex" : "2ACD184520000285IM",
  "locNovo" : "N0304A",
  "locRetorno" : "B0102D"
}, {
  "kardex" : "2ACD184520000431IM",
  "locNovo" : "",
  "locRetorno" : "B0406D"
}, {
  "kardex" : "2ACD184520004868IM",
  "locNovo" : "N0409A",
  "locRetorno" : "B0112-F"
}, {
  "kardex" : "3ACD184520000674IM",
  "locNovo" : "N0512A",
  "locRetorno" : "B0509D"
}, {
  "kardex" : "3ACD184520000679IM",
  "locNovo" : "N0508F",
  "locRetorno" : "B0214D"
}, {
  "kardex" : "3ACD184520000680IM",
  "locNovo" : "N0405B",
  "locRetorno" : ""
}, {
  "kardex" : "2ACD184520000681IM",
  "locNovo" : "N0109A",
  "locRetorno" : ""
}, {
  "kardex" : "2ACD184520000682IM",
  "locNovo" : "N0308B",
  "locRetorno" : "B0513E"
}, {
  "kardex" : "2ACD184520000683IM",
  "locNovo" : "N0106F",
  "locRetorno" : "B0509B"
}, {
  "kardex" : "2ACD184520000684IM",
  "locNovo" : "N0108D",
  "locRetorno" : "B0304A"
}, {
  "kardex" : "2ACD184520000685IM",
  "locNovo" : "N0103E",
  "locRetorno" : ""
}, {
  "kardex" : "2ACD184520000686IM",
  "locNovo" : "N0304C",
  "locRetorno" : "B0502A"
}, {
  "kardex" : "3ACD153820000151IM",
  "locNovo" : "N0411F",
  "locRetorno" : "B0313A"
}, {
  "kardex" : "2ACD184520000687IM",
  "locNovo" : "N0107D",
  "locRetorno" : "B0514D"
}, {
  "kardex" : "2ACD184520000688IM",
  "locNovo" : "N0101E",
  "locRetorno" : ""
}, {
  "kardex" : "2ACD184520000690IM",
  "locNovo" : "N0414A",
  "locRetorno" : ""
}, {
  "kardex" : "2ACD184520000648IM",
  "locNovo" : "N0508A",
  "locRetorno" : "B0313D"
}, {
  "kardex" : "2ACD184520000691IM",
  "locNovo" : "N0505C",
  "locRetorno" : ""
}, {
  "kardex" : "2ACD184520000692IM",
  "locNovo" : "N0301E",
  "locRetorno" : ""
}, {
  "kardex" : "2ACD184520000694IM",
  "locNovo" : "N0411A",
  "locRetorno" : "B0413C"
}, {
  "kardex" : "2ACD184520000696IM",
  "locNovo" : "N0309B",
  "locRetorno" : ""
}, {
  "kardex" : "2ACD184520000697IM",
  "locNovo" : "N0210A",
  "locRetorno" : "B0507D"
}, {
  "kardex" : "2ACD184520000698IM",
  "locNovo" : "N0203D",
  "locRetorno" : "B0207A"
}, {
  "kardex" : "2ACD184520000699IM",
  "locNovo" : "N0101B",
  "locRetorno" : "M0116D"
}, {
  "kardex" : "2ACD184520000700IM",
  "locNovo" : "N0503F",
  "locRetorno" : "B0408A"
}, {
  "kardex" : "3ACD184920000289",
  "locNovo" : "L1106A",
  "locRetorno" : ""
}, {
  "kardex" : "3ACD184920000290",
  "locNovo" : "L1106C",
  "locRetorno" : "M0220B"
}, {
  "kardex" : "3ACD184920000291",
  "locNovo" : "L1106D",
  "locRetorno" : ""
}, {
  "kardex" : "2ACD184520000701IM",
  "locNovo" : "N0211E",
  "locRetorno" : ""
}, {
  "kardex" : "2ACD184520000703IM",
  "locNovo" : "N0208E",
  "locRetorno" : ""
}, {
  "kardex" : "2ACD184520000704IM",
  "locNovo" : "N0207C",
  "locRetorno" : ""
}, {
  "kardex" : "2ACD184520000705IM",
  "locNovo" : "N0211F",
  "locRetorno" : ""
}, {
  "kardex" : "2ACD184520000706IM",
  "locNovo" : "N0211C",
  "locRetorno" : ""
}, {
  "kardex" : "2ACD184520000707IM",
  "locNovo" : "N0311B",
  "locRetorno" : ""
}, {
  "kardex" : "2ACD184520000708IM",
  "locNovo" : "N0103F",
  "locRetorno" : "B0514A"
}, {
  "kardex" : "2ACD184520000709IM",
  "locNovo" : "N0201C",
  "locRetorno" : ""
} ]